<ImportExportXml version="9.1.0.17446" SolutionPackageVersion="9.1" languagecode="1033" generatedBy="CrmLive" xmlns:xsi="http://www.w3.org/2001/XMLSchema-instance">
  <SolutionManifest>
    <UniqueName>Visitabusiness</UniqueName>
    <LocalizedNames>
      <LocalizedName description="Visit a business" languagecode="1033" />
    </LocalizedNames>
    <Descriptions />
    <Version>1.0.0.3</Version>
    <Managed>0</Managed>
    <Publisher>
      <UniqueName>visitabusiness</UniqueName>
      <LocalizedNames>
        <LocalizedName description="Visit a Business" languagecode="1033" />
      </LocalizedNames>
      <Descriptions />
      <EMailAddress xsi:nil="true"></EMailAddress>
      <SupportingWebsiteUrl xsi:nil="true"></SupportingWebsiteUrl>
      <CustomizationPrefix>ft</CustomizationPrefix>
      <CustomizationOptionValuePrefix>20648</CustomizationOptionValuePrefix>
      <Addresses>
        <Address>
          <AddressNumber>1</AddressNumber>
          <AddressTypeCode>1</AddressTypeCode>
          <City xsi:nil="true"></City>
          <County xsi:nil="true"></County>
          <Country xsi:nil="true"></Country>
          <Fax xsi:nil="true"></Fax>
          <FreightTermsCode xsi:nil="true"></FreightTermsCode>
          <ImportSequenceNumber xsi:nil="true"></ImportSequenceNumber>
          <Latitude xsi:nil="true"></Latitude>
          <Line1 xsi:nil="true"></Line1>
          <Line2 xsi:nil="true"></Line2>
          <Line3 xsi:nil="true"></Line3>
          <Longitude xsi:nil="true"></Longitude>
          <Name xsi:nil="true"></Name>
          <PostalCode xsi:nil="true"></PostalCode>
          <PostOfficeBox xsi:nil="true"></PostOfficeBox>
          <PrimaryContactName xsi:nil="true"></PrimaryContactName>
          <ShippingMethodCode>1</ShippingMethodCode>
          <StateOrProvince xsi:nil="true"></StateOrProvince>
          <Telephone1 xsi:nil="true"></Telephone1>
          <Telephone2 xsi:nil="true"></Telephone2>
          <Telephone3 xsi:nil="true"></Telephone3>
          <TimeZoneRuleVersionNumber xsi:nil="true"></TimeZoneRuleVersionNumber>
          <UPSZone xsi:nil="true"></UPSZone>
          <UTCOffset xsi:nil="true"></UTCOffset>
          <UTCConversionTimeZoneCode xsi:nil="true"></UTCConversionTimeZoneCode>
        </Address>
        <Address>
          <AddressNumber>2</AddressNumber>
          <AddressTypeCode>1</AddressTypeCode>
          <City xsi:nil="true"></City>
          <County xsi:nil="true"></County>
          <Country xsi:nil="true"></Country>
          <Fax xsi:nil="true"></Fax>
          <FreightTermsCode xsi:nil="true"></FreightTermsCode>
          <ImportSequenceNumber xsi:nil="true"></ImportSequenceNumber>
          <Latitude xsi:nil="true"></Latitude>
          <Line1 xsi:nil="true"></Line1>
          <Line2 xsi:nil="true"></Line2>
          <Line3 xsi:nil="true"></Line3>
          <Longitude xsi:nil="true"></Longitude>
          <Name xsi:nil="true"></Name>
          <PostalCode xsi:nil="true"></PostalCode>
          <PostOfficeBox xsi:nil="true"></PostOfficeBox>
          <PrimaryContactName xsi:nil="true"></PrimaryContactName>
          <ShippingMethodCode>1</ShippingMethodCode>
          <StateOrProvince xsi:nil="true"></StateOrProvince>
          <Telephone1 xsi:nil="true"></Telephone1>
          <Telephone2 xsi:nil="true"></Telephone2>
          <Telephone3 xsi:nil="true"></Telephone3>
          <TimeZoneRuleVersionNumber xsi:nil="true"></TimeZoneRuleVersionNumber>
          <UPSZone xsi:nil="true"></UPSZone>
          <UTCOffset xsi:nil="true"></UTCOffset>
          <UTCConversionTimeZoneCode xsi:nil="true"></UTCConversionTimeZoneCode>
        </Address>
      </Addresses>
    </Publisher>
    <RootComponents>
      <RootComponent type="1" schemaName="ft_booking" behavior="0" />
      <RootComponent type="1" schemaName="ft_bookingslots" behavior="0" />
      <RootComponent type="1" schemaName="ft_branch" behavior="0" />
      <RootComponent type="1" schemaName="ft_branchslotgeneration" behavior="0" />
      <RootComponent type="1" schemaName="ft_city" behavior="0" />
      <RootComponent type="1" schemaName="ft_postalcode" behavior="0" />
      <RootComponent type="1" schemaName="ft_province" behavior="0" />
      <RootComponent type="1" schemaName="ft_region" behavior="0" />
      <RootComponent type="20" id="{2ee6644b-547c-ea11-a811-000d3a294bae}" behavior="0" />
      <RootComponent type="20" id="{3f56ea32-267c-ea11-a811-000d3a294bae}" behavior="0" />
      <RootComponent type="20" id="{6ae96df0-537c-ea11-a811-000d3a294bae}" behavior="0" />
      <RootComponent type="20" id="{e03841f9-277c-ea11-a811-000d3a294bae}" behavior="0" />
      <RootComponent type="29" id="{0202f6f3-2a95-ea11-a811-000d3ab7543e}" behavior="0" />
      <RootComponent type="29" id="{055954d5-1a7b-ea11-a811-000d3a294bae}" behavior="0" />
      <RootComponent type="29" id="{11cbcb02-aa93-ea11-a811-000d3ab7543e}" behavior="0" />
      <RootComponent type="29" id="{183ab837-c57c-ea11-a811-000d3a294bae}" behavior="0" />
      <RootComponent type="29" id="{42222691-ff94-ea11-a811-000d3ab7543e}" behavior="0" />
      <RootComponent type="29" id="{ac32069b-4f7b-ea11-a811-000d3a294748}" behavior="0" />
      <RootComponent type="29" id="{bcecea2c-4b7b-ea11-a811-000d3a294bae}" behavior="0" />
      <RootComponent type="29" id="{ff4d1799-e77c-ea11-a811-000d3a294748}" behavior="0" />
      <RootComponent type="61" schemaName="ft_Booking.js" behavior="0" />
      <RootComponent type="61" schemaName="ft_Booking.svg" behavior="0" />
      <RootComponent type="61" schemaName="ft_Branch.js" behavior="0" />
      <RootComponent type="61" schemaName="ft_Branch.svg" behavior="0" />
      <RootComponent type="61" schemaName="ft_branchslotgeneration" behavior="0" />
      <RootComponent type="61" schemaName="ft_BranchSlotGeneration.js" behavior="0" />
      <RootComponent type="61" schemaName="ft_City.svg" behavior="0" />
      <RootComponent type="61" schemaName="ft_Engine.svg" behavior="0" />
      <RootComponent type="61" schemaName="ft_PostalCode.svg" behavior="0" />
      <RootComponent type="61" schemaName="ft_Postcode.svg" behavior="0" />
      <RootComponent type="61" schemaName="ft_Province.svg" behavior="0" />
      <RootComponent type="61" schemaName="ft_Region.svg" behavior="0" />
      <RootComponent type="62" schemaName="ft_BookingApp" behavior="0" />
      <RootComponent type="62" schemaName="ft_BranchAdmin" behavior="0" />
      <RootComponent type="80" schemaName="ft_BranchAdmin" behavior="0" />
      <RootComponent type="300" schemaName="ft_app_e3231" behavior="0" />
      <RootComponent type="300" schemaName="ft_branchapp_de2ab" behavior="0" />
    </RootComponents>
    <MissingDependencies>
      <MissingDependency>
        <Required key="0" type="66" schemaName="MscrmControls.Calendar.CalendarControl" displayName="MscrmControls.Calendar.CalendarControl" solution="CustomControlsCore (9.1.0000.17446)" />
        <Dependent key="1" type="60" displayName="Information" parentDisplayName="Branch" id="{e7756171-cbda-421f-b0a3-66f58eeb29f4}" />
      </MissingDependency>
      <MissingDependency>
        <Required key="2" type="61" schemaName="msdyn_/Images/AppModule_Default_Icon.png" displayName="msdyn_/Images/AppModule_Default_Icon.png" solution="AppModuleWebResources (2.5)" />
        <Dependent key="3" type="80" schemaName="ft_BranchAdmin" displayName="Branch Admin" />
      </MissingDependency>
    </MissingDependencies>
  </SolutionManifest>
</ImportExportXml>