{"properties":{"connectionReferences":{"shared_commondataserviceforapps":{"runtimeSource":"embedded","connection":{},"api":{"name":"shared_commondataserviceforapps"}}},"definition":{"$schema":"https://schema.management.azure.com/providers/Microsoft.Logic/schemas/2016-06-01/workflowdefinition.json#","contentVersion":"1.0.0.0","parameters":{"$connections":{"defaultValue":{},"type":"Object"},"$authentication":{"defaultValue":{},"type":"SecureObject"}},"triggers":{"CreatedBooking":{"type":"OpenApiConnectionWebhook","inputs":{"host":{"connectionName":"shared_commondataserviceforapps","operationId":"SubscribeWebhookTrigger","apiId":"/providers/Microsoft.PowerApps/apis/shared_commondataserviceforapps"},"parameters":{"subscriptionRequest/message":1,"subscriptionRequest/entityname":"ft_booking","subscriptionRequest/scope":4,"subscriptionRequest/filterexpression":"_ft_bookingslots_value ne null"},"authentication":"@parameters('$authentication')"}}},"actions":{"Get_Associated_Booking_Slots":{"runAfter":{},"type":"OpenApiConnection","inputs":{"host":{"connectionName":"shared_commondataserviceforapps","operationId":"GetItem","apiId":"/providers/Microsoft.PowerApps/apis/shared_commondataserviceforapps"},"parameters":{"entityName":"ft_bookingslotses","recordId":"@triggerOutputs()?['body/_ft_bookingslots_value']"},"authentication":"@parameters('$authentication')"}},"Get_Branch":{"runAfter":{"Get_Associated_Booking_Slots":["Succeeded"]},"type":"OpenApiConnection","inputs":{"host":{"connectionName":"shared_commondataserviceforapps","operationId":"GetItem","apiId":"/providers/Microsoft.PowerApps/apis/shared_commondataserviceforapps"},"parameters":{"entityName":"ft_branchs","recordId":"@outputs('Get_Associated_Booking_Slots')?['body/_ft_branch_value']"},"authentication":"@parameters('$authentication')"}},"SetOwnerAndBranch":{"runAfter":{"Get_Branch":["Succeeded"]},"type":"OpenApiConnection","inputs":{"host":{"connectionName":"shared_commondataserviceforapps","operationId":"UpdateRecord","apiId":"/providers/Microsoft.PowerApps/apis/shared_commondataserviceforapps"},"parameters":{"entityName":"ft_bookings","recordId":"@triggerOutputs()?['body/ft_bookingid']","item/ft_Branch@odata.bind":"/ft_branchs(@{outputs('Get_Branch')?['body/ft_branchid']})","item/ownerid@odata.bind":"@if(empty(outputs('Get_Branch')?['body/_owningteam_value']),concat('systemusers(',outputs('Get_Branch')?['body/_owninguser_value'],')'),concat('teams(',outputs('Get_Branch')?['body/_owningteam_value'],')'))"},"authentication":"@parameters('$authentication')"}}},"outputs":{}}},"schemaVersion":"1.0.0.0"}