{"properties":{"connectionReferences":{"shared_commondataserviceforapps":{"runtimeSource":"embedded","connection":{},"api":{"name":"shared_commondataserviceforapps"}},"shared_office365":{"runtimeSource":"embedded","connection":{},"api":{"name":"shared_office365"}}},"definition":{"$schema":"https://schema.management.azure.com/providers/Microsoft.Logic/schemas/2016-06-01/workflowdefinition.json#","contentVersion":"1.0.0.0","parameters":{"$connections":{"defaultValue":{},"type":"Object"},"$authentication":{"defaultValue":{},"type":"SecureObject"}},"triggers":{"CreatedBookingWithEmail":{"type":"OpenApiConnectionWebhook","inputs":{"host":{"connectionName":"shared_commondataserviceforapps","operationId":"SubscribeWebhookTrigger","apiId":"/providers/Microsoft.PowerApps/apis/shared_commondataserviceforapps"},"parameters":{"subscriptionRequest/message":1,"subscriptionRequest/entityname":"ft_booking","subscriptionRequest/scope":4,"subscriptionRequest/filterexpression":"ft_email ne null","subscriptionRequest/runas":3},"authentication":"@parameters('$authentication')"}}},"actions":{"Condition":{"actions":{"GetBookingSlot":{"runAfter":{},"type":"OpenApiConnection","inputs":{"host":{"connectionName":"shared_commondataserviceforapps","operationId":"GetItem","apiId":"/providers/Microsoft.PowerApps/apis/shared_commondataserviceforapps"},"parameters":{"entityName":"ft_bookingslotses","recordId":"@triggerOutputs()?['body/_ft_bookingslots_value']"},"authentication":"@parameters('$authentication')"}},"GetBranch":{"runAfter":{"GetBookingSlot":["Succeeded"]},"type":"OpenApiConnection","inputs":{"host":{"connectionName":"shared_commondataserviceforapps","operationId":"GetItem","apiId":"/providers/Microsoft.PowerApps/apis/shared_commondataserviceforapps"},"parameters":{"entityName":"ft_branchs","recordId":"@outputs('GetBookingSlot')?['body/_ft_branch_value']"},"authentication":"@parameters('$authentication')"}},"GetBranchManager":{"runAfter":{"GetBranch":["Succeeded"]},"type":"OpenApiConnection","inputs":{"host":{"connectionName":"shared_commondataserviceforapps","operationId":"GetItem","apiId":"/providers/Microsoft.PowerApps/apis/shared_commondataserviceforapps"},"parameters":{"entityName":"systemusers","recordId":"@outputs('GetBranch')?['body/_ft_branchmanager_value']","$select":"fullname"},"authentication":"@parameters('$authentication')"}},"SendReminderEmail":{"runAfter":{"SlotStartTime":["Succeeded"]},"type":"OpenApiConnection","inputs":{"host":{"connectionName":"shared_office365","operationId":"SendEmailV2","apiId":"/providers/Microsoft.PowerApps/apis/shared_office365"},"parameters":{"emailMessage/To":"@triggerOutputs()?['body/ft_email']","emailMessage/Subject":"Visit reminder - @{triggerOutputs()?['body/ft_bookingnumber']} at @{outputs('GetBranch')?['body/ft_branchname']}","emailMessage/Body":"<p>Hi @{triggerOutputs()?['body/ft_name']},<br>\n<br>\nThis is to confirm you can use your booking number <strong></strong><strong>@{triggerOutputs()?['body/ft_bookingnumber']}</strong><strong></strong> at our store <strong></strong><strong>@{outputs('GetBranch')?['body/ft_branchname']}</strong><strong></strong><br>\n<br>\nYour assigned time slot is<br>\n@{body('SlotStartTime')}<br>\n<br>\nPlease respect the following <strong>Social Distancing recommendations</strong>:<br>\n- Wash your hands with soap and water for 20-30 seconds, then dry them thoroughly.<br>\n- Cough and sneeze into your elbow. Use paper tissues to blow your nose and discard them after use. Then wash your hands.<br>\n- Don't shake hands, elbow bumps or high-fives.<br>\n- Stay at least 2 metres away from other people.<br>\n- Work from home if possible. Everyone should stay at home as much as possible.<br>\n<br>\nLooking forward to your visit!<br>\n<br>\n@{outputs('GetBranchManager')?['body/fullname']}</p>"},"authentication":"@parameters('$authentication')"}},"SlotStartTime":{"runAfter":{"GetBranchManager":["Succeeded"]},"type":"Expression","kind":"ConvertTimeZone","inputs":{"baseTime":"@outputs('GetBookingSlot')?['body/ft_starttime']","formatString":"f","sourceTimeZone":"UTC","destinationTimeZone":"W. Europe Standard Time"}}},"runAfter":{},"else":{"actions":{"Terminate":{"runAfter":{},"type":"Terminate","inputs":{"runStatus":"Cancelled"}}}},"expression":{"not":{"equals":["@triggerOutputs()?['body/_ft_bookingslots_value']",null]}},"type":"If"}},"outputs":{}}},"schemaVersion":"1.0.0.0"}