{"properties":{"connectionReferences":{"shared_commondataserviceforapps":{"runtimeSource":"embedded","connection":{},"api":{"name":"shared_commondataserviceforapps"}}},"definition":{"$schema":"https://schema.management.azure.com/providers/Microsoft.Logic/schemas/2016-06-01/workflowdefinition.json#","contentVersion":"1.0.0.0","parameters":{"$connections":{"defaultValue":{},"type":"Object"},"$authentication":{"defaultValue":{},"type":"SecureObject"}},"triggers":{"Read_Created_Branch":{"type":"OpenApiConnectionWebhook","inputs":{"host":{"connectionName":"shared_commondataserviceforapps","operationId":"SubscribeWebhookTrigger","apiId":"/providers/Microsoft.PowerApps/apis/shared_commondataserviceforapps"},"parameters":{"subscriptionRequest/message":1,"subscriptionRequest/entityname":"ft_branch","subscriptionRequest/scope":4,"subscriptionRequest/filterexpression":"ft_branchname ne null"},"authentication":"@parameters('$authentication')"}}},"actions":{"Find_Teams_with_Same_Name":{"runAfter":{"Initialize_variable_SanitizedBranchName":["Succeeded"]},"type":"OpenApiConnection","inputs":{"host":{"connectionName":"shared_commondataserviceforapps","operationId":"ListRecords","apiId":"/providers/Microsoft.PowerApps/apis/shared_commondataserviceforapps"},"parameters":{"entityName":"teams","$filter":"name eq '@{variables('SanitizedBranchName')}'"},"authentication":"@parameters('$authentication')"}},"Condition":{"actions":{"Terminate":{"runAfter":{},"type":"Terminate","inputs":{"runStatus":"Failed","runError":{"code":"Failed","message":"Team with same name already exists"}}}},"runAfter":{"Find_Teams_with_Same_Name":["Succeeded"]},"else":{"actions":{"Create_Team":{"runAfter":{},"type":"OpenApiConnection","inputs":{"host":{"connectionName":"shared_commondataserviceforapps","operationId":"CreateRecord","apiId":"/providers/Microsoft.PowerApps/apis/shared_commondataserviceforapps"},"parameters":{"entityName":"teams","item/administratorid@odata.bind":"systemusers(@{triggerOutputs()?['body/_ft_branchmanager_value']})","item/businessunitid@odata.bind":"businessunits(@{triggerOutputs()?['body/_owningbusinessunit_value']})","item/name":"@triggerOutputs()?['body/ft_branchname']","item/teamtype":0},"authentication":"@parameters('$authentication')"}},"Add_Manager_to_Team":{"runAfter":{"Create_Team":["Succeeded"]},"type":"OpenApiConnection","inputs":{"host":{"connectionName":"shared_commondataserviceforapps","operationId":"PerformBoundAction","apiId":"/providers/Microsoft.PowerApps/apis/shared_commondataserviceforapps"},"parameters":{"entityName":"teams","actionName":"Microsoft.Dynamics.CRM.AddMembersTeam","recordId":"@outputs('Create_Team')?['body/teamid']","item/Members":[{"systemuserid":"@triggerOutputs()?['body/_ft_branchmanager_value']"}]},"authentication":"@parameters('$authentication')"}},"Assign_Branch_to_Team":{"runAfter":{"Assign_Security_Role_to_Team":["Succeeded"]},"type":"OpenApiConnection","inputs":{"host":{"connectionName":"shared_commondataserviceforapps","operationId":"UpdateRecord","apiId":"/providers/Microsoft.PowerApps/apis/shared_commondataserviceforapps"},"parameters":{"entityName":"ft_branchs","recordId":"@triggerOutputs()?['body/ft_branchid']","item/ownerid@odata.bind":"teams(@{outputs('Create_Team')?['body/teamid']})"},"authentication":"@parameters('$authentication')"}},"Find_Security_Role":{"runAfter":{"Add_Manager_to_Team":["Succeeded"]},"type":"OpenApiConnection","inputs":{"host":{"connectionName":"shared_commondataserviceforapps","operationId":"ListRecords","apiId":"/providers/Microsoft.PowerApps/apis/shared_commondataserviceforapps"},"parameters":{"entityName":"roles","$filter":"name eq '@{variables('Security Role Name')}' and _businessunitid_value eq '@{triggerOutputs()?['body/_owningbusinessunit_value']}'"},"authentication":"@parameters('$authentication')"}},"Apply_to_each":{"foreach":"@outputs('Find_Security_Role')?['body/value']","actions":{"Get_Security_Role":{"runAfter":{},"type":"OpenApiConnection","inputs":{"host":{"connectionName":"shared_commondataserviceforapps","operationId":"GetItem","apiId":"/providers/Microsoft.PowerApps/apis/shared_commondataserviceforapps"},"parameters":{"entityName":"roles","recordId":"@items('Apply_to_each')?['roleid']"},"authentication":"@parameters('$authentication')"}},"Set_variable":{"runAfter":{"Get_Security_Role":["Succeeded"]},"type":"SetVariable","inputs":{"name":"SecurityRoleId","value":"@outputs('Get_Security_Role')?['body/roleid']"}}},"runAfter":{"Find_Security_Role":["Succeeded"]},"type":"Foreach"},"Assign_Security_Role_to_Team":{"runAfter":{"Apply_to_each":["Succeeded"]},"type":"OpenApiConnection","inputs":{"host":{"connectionName":"shared_commondataserviceforapps","operationId":"AssociateEntities","apiId":"/providers/Microsoft.PowerApps/apis/shared_commondataserviceforapps"},"parameters":{"entityName":"roles","recordId":"@variables('SecurityRoleId')","associationEntityRelationship":"teamroles_association","item/@odata.id":"@outputs('Create_Team')?['body/@odata.id']"},"authentication":"@parameters('$authentication')"}}}},"expression":{"greater":["@length(outputs('Find_Teams_with_Same_Name')?['body/value'])",0]},"type":"If"},"Variable_Security_Role_Name":{"runAfter":{},"type":"InitializeVariable","inputs":{"variables":[{"name":"Security Role Name","type":"string","value":"BranchBooking StoreTeamRole"}]}},"Initialise_Security_Role_Id_variable":{"runAfter":{"Variable_Security_Role_Name":["Succeeded"]},"type":"InitializeVariable","inputs":{"variables":[{"name":"SecurityRoleId","type":"string"}]}},"Initialize_variable_SanitizedBranchName":{"runAfter":{"Initialise_Security_Role_Id_variable":["Succeeded"]},"type":"InitializeVariable","inputs":{"variables":[{"name":"SanitizedBranchName","type":"string","value":"@{encodeUriComponent(replace(triggerOutputs()?['body/ft_branchname'],'''',''''''))}"}]}}},"outputs":{}}},"schemaVersion":"1.0.0.0"}