{"properties":{"connectionReferences":{"shared_commondataserviceforapps":{"runtimeSource":"embedded","connection":{},"api":{"name":"shared_commondataserviceforapps"}}},"definition":{"$schema":"https://schema.management.azure.com/providers/Microsoft.Logic/schemas/2016-06-01/workflowdefinition.json#","contentVersion":"1.0.0.0","parameters":{"$connections":{"defaultValue":{},"type":"Object"},"$authentication":{"defaultValue":{},"type":"SecureObject"}},"triggers":{"Triggering_Request":{"type":"OpenApiConnectionWebhook","inputs":{"host":{"connectionName":"shared_commondataserviceforapps","operationId":"SubscribeWebhookTrigger","apiId":"/providers/Microsoft.PowerApps/apis/shared_commondataserviceforapps"},"parameters":{"subscriptionRequest/message":3,"subscriptionRequest/entityname":"ft_branchslotgeneration","subscriptionRequest/scope":4,"subscriptionRequest/filteringattributes":"statuscode","subscriptionRequest/filterexpression":"statuscode eq 206480000","subscriptionRequest/runas":1},"authentication":"@parameters('$authentication')"}}},"actions":{"Initialise_Start_Date_Variable":{"runAfter":{},"type":"InitializeVariable","inputs":{"variables":[{"name":"Start Date","type":"string"}]}},"Set_Request_to_In_Progress":{"runAfter":{"ConvertUTCToCET":["Succeeded"]},"type":"OpenApiConnection","inputs":{"host":{"connectionName":"shared_commondataserviceforapps","operationId":"UpdateRecord","apiId":"/providers/Microsoft.PowerApps/apis/shared_commondataserviceforapps"},"parameters":{"entityName":"ft_branchslotgenerations","recordId":"@triggerOutputs()?['body/ft_branchslotgenerationid']","item/statuscode":206480001},"authentication":"@parameters('$authentication')"}},"Get_Branch_Information":{"runAfter":{"Set_Request_to_In_Progress":["Succeeded"]},"type":"OpenApiConnection","inputs":{"host":{"connectionName":"shared_commondataserviceforapps","operationId":"GetItem","apiId":"/providers/Microsoft.PowerApps/apis/shared_commondataserviceforapps"},"parameters":{"entityName":"ft_branchs","recordId":"@triggerOutputs()?['body/_ft_branch_value']"},"authentication":"@parameters('$authentication')"}},"Set_Start_Date":{"runAfter":{"Initialise_Start_Date_Variable":["Succeeded"]},"type":"SetVariable","inputs":{"name":"Start Date","value":"@triggerOutputs()?['body/ft_startdatetime']"}},"Do_until":{"actions":{"Calculate_End_Time":{"runAfter":{},"type":"Expression","kind":"AddToTime","inputs":{"baseTime":"@{formatDateTime(variables('Start Date'))}","interval":"@triggerOutputs()?['body/ft_duration']","timeUnit":"Minute"}},"Create_a_new_record":{"runAfter":{"FormatSlotTimeUTC":["Succeeded"]},"type":"OpenApiConnection","inputs":{"host":{"connectionName":"shared_commondataserviceforapps","operationId":"CreateRecord","apiId":"/providers/Microsoft.PowerApps/apis/shared_commondataserviceforapps"},"parameters":{"entityName":"ft_bookingslotses","item/ft_endtime":"@body('Calculate_End_Time')","item/ft_slotcapacity":"@triggerOutputs()?['body/ft_capacity']","item/ft_slotwindow":"@{outputs('Get_Branch_Information')?['body/ft_branchname']} - @{body('FormatSlotTimeUTC')}","item/ft_starttime":"@formatDateTime(variables('Start Date'))","item/ft_Branch@odata.bind":"ft_branchs(@{triggerOutputs()?['body/_ft_branch_value']})","item/ownerid@odata.bind":"@if(empty(outputs('Get_Branch_Information')?['body/_owninguser_value']),concat('teams(',outputs('Get_Branch_Information')?['body/_owningteam_value'],')'),concat('systemusers(',outputs('Get_Branch_Information')?['body/_owninguser_value'],')'))"},"authentication":"@parameters('$authentication')"}},"Increment_Start_Date":{"runAfter":{"Create_a_new_record":["Succeeded"]},"type":"SetVariable","inputs":{"name":"Start Date","value":"@body('Calculate_End_Time')"}},"FormatSlotTimeUTC":{"runAfter":{"Calculate_End_Time":["Succeeded"]},"type":"Expression","kind":"ConvertTimeZone","inputs":{"baseTime":"@variables('Start Date')","formatString":"dd/MM/yy HH:mm","sourceTimeZone":"UTC","destinationTimeZone":"W. Europe Standard Time"}}},"runAfter":{"Get_Branch_Information":["Succeeded"]},"expression":"@greaterOrEquals(ticks(variables('Start Date')), ticks(triggerOutputs()?['body/ft_enddatetime']))","limit":{"count":60,"timeout":"PT1H"},"type":"Until"},"Update_a_record":{"runAfter":{"Do_until":["Succeeded"]},"type":"OpenApiConnection","inputs":{"host":{"connectionName":"shared_commondataserviceforapps","operationId":"UpdateRecord","apiId":"/providers/Microsoft.PowerApps/apis/shared_commondataserviceforapps"},"parameters":{"entityName":"ft_branchslotgenerations","recordId":"@triggerOutputs()?['body/ft_branchslotgenerationid']","item/statecode":1,"item/statuscode":2},"authentication":"@parameters('$authentication')"}},"ConvertUTCToCET":{"runAfter":{"Set_Start_Date":["Succeeded"]},"type":"Expression","kind":"ConvertTimeZone","inputs":{"baseTime":"@variables('Start Date')","formatString":"u","sourceTimeZone":"UTC","destinationTimeZone":"W. Europe Standard Time"}}},"outputs":{}}},"schemaVersion":"1.0.0.0"}