{"properties":{"connectionReferences":{"shared_commondataservice":{"runtimeSource":"embedded","connection":{},"api":{"name":"shared_commondataservice"}},"shared_commondataserviceforapps":{"runtimeSource":"embedded","connection":{},"api":{"name":"shared_commondataserviceforapps"}}},"definition":{"$schema":"https://schema.management.azure.com/providers/Microsoft.Logic/schemas/2016-06-01/workflowdefinition.json#","contentVersion":"1.0.0.0","parameters":{"$connections":{"defaultValue":{},"type":"Object"},"$authentication":{"defaultValue":{},"type":"SecureObject"}},"triggers":{"When_a_record_is_created,_updated_or_deleted":{"type":"OpenApiConnectionWebhook","inputs":{"host":{"connectionName":"shared_commondataserviceforapps","operationId":"SubscribeWebhookTrigger","apiId":"/providers/Microsoft.PowerApps/apis/shared_commondataserviceforapps"},"parameters":{"subscriptionRequest/message":1,"subscriptionRequest/entityname":"ft_booking","subscriptionRequest/scope":4,"subscriptionRequest/runas":3},"authentication":"@parameters('$authentication')"}}},"actions":{"List_records":{"runAfter":{},"type":"OpenApiConnection","inputs":{"host":{"connectionName":"shared_commondataservice","operationId":"GetItems_V2","apiId":"/providers/Microsoft.PowerApps/apis/shared_commondataservice"},"parameters":{"dataset":"default.cds","table":"ft_bookings","$filter":"_ft_bookingslots_value eq @{triggerOutputs()?['body/_ft_bookingslots_value']}"},"authentication":"@parameters('$authentication')"}},"Get_record":{"runAfter":{"List_records":["Succeeded"]},"type":"OpenApiConnection","inputs":{"host":{"connectionName":"shared_commondataservice","operationId":"GetItem_V2","apiId":"/providers/Microsoft.PowerApps/apis/shared_commondataservice"},"parameters":{"dataset":"default.cds","table":"ft_bookingslotses","id":"@triggerOutputs()?['body/_ft_bookingslots_value']"},"authentication":"@parameters('$authentication')"}},"Condition":{"actions":{"Condition_2":{"actions":{"Update_a_record":{"runAfter":{},"type":"OpenApiConnection","inputs":{"host":{"connectionName":"shared_commondataservice","operationId":"PatchItem_V2","apiId":"/providers/Microsoft.PowerApps/apis/shared_commondataservice"},"parameters":{"dataset":"default.cds","table":"ft_bookingslotses","id":"@outputs('Get_record')?['body/ft_bookingslotsid']","item/statuscode":206480000,"item/_ownerid_type":""},"authentication":"@parameters('$authentication')"}},"Terminate_3":{"runAfter":{"Update_a_record":["Succeeded"]},"type":"Terminate","inputs":{"runStatus":"Succeeded"}}},"runAfter":{},"else":{"actions":{"Update_a_record_2":{"runAfter":{},"type":"OpenApiConnection","inputs":{"host":{"connectionName":"shared_commondataservice","operationId":"PatchItem_V2","apiId":"/providers/Microsoft.PowerApps/apis/shared_commondataservice"},"parameters":{"dataset":"default.cds","table":"ft_bookingslotses","id":"@outputs('Get_record')?['body/ft_bookingslotsid']","item/statuscode":206480001,"item/_ownerid_type":""},"authentication":"@parameters('$authentication')"}},"Terminate_2":{"runAfter":{"Update_a_record_2":["Succeeded"]},"type":"Terminate","inputs":{"runStatus":"Succeeded"}}}},"expression":{"equals":["@outputs('Get_record')?['body/ft_slotcapacity']","@length(outputs('List_records')?['body/value'])"]},"type":"If"}},"runAfter":{"Get_record":["Succeeded"]},"else":{"actions":{"Terminate":{"runAfter":{},"type":"Terminate","inputs":{"runStatus":"Succeeded"}}}},"expression":{"lessOrEquals":["@outputs('Get_record')?['body/ft_slotcapacity']","@length(outputs('List_records')?['body/value'])"]},"type":"If"}},"outputs":{}}},"schemaVersion":"1.0.0.0"}